Date,Open,High,Low,Close,Volume,Dividends,Stock Splits
2023-05-04 00:00:00-04:00,23.854319505744495,25.20914657405399,23.5926968789749,25.134397506713867,77004200,0.0,0
2023-05-05 00:00:00-04:00,24.91015067904115,25.255866234533556,24.489686055085294,24.760652542114258,11289900,0.0,0
2023-05-08 00:00:00-04:00,24.601810791823087,25.08768063271303,24.20937773297481,24.769996643066406,6308300,0.0,0
2023-05-09 00:00:00-04:00,24.76999712058669,25.078337259757543,24.358876340972742,24.55509376525879,4684000,0.0,0
2023-05-10 00:00:00-04:00,24.555093031364958,25.012931298137467,24.302814257176525,24.527061462402344,9602400,0.0,0
2023-05-11 00:00:00-04:00,24.321501951632087,24.601810512415167,24.29347038269043,24.29347038269043,5687300,0.0,0
2023-05-12 00:00:00-04:00,24.312158131333593,24.87277703588861,24.200033637559244,24.760652542114258,5433500,0.0,0
2023-05-15 00:00:00-04:00,24.760652611472388,25.97065438584766,24.760652611472388,25.695016860961914,7083200,0.0,0
2023-05-16 00:00:00-04:00,25.7323910553477,25.947294394731372,25.218489673418325,25.2558650970459,3818400,0.0,0
2023-05-17 00:00:00-04:00,25.508144457813145,25.881891600326377,24.854090522731894,25.433395385742188,3392200,0.0,0
2023-05-18 00:00:00-04:00,25.43339517952382,25.554863534503273,24.947527106081342,25.26521110534668,2648100,0.0,0
2023-05-19 00:00:00-04:00,25.26521155267112,25.469837206260088,24.938183690912787,25.442739486694336,1794300,0.0,0
2023-05-22 00:00:00-04:00,25.536172422829207,25.62960919526566,24.256092739413653,24.35887336730957,7509400,0.0,0
2023-05-23 00:00:00-04:00,24.302814239004316,24.536405300376337,24.11594067704335,24.29347038269043,2485000,0.0,0
2023-05-24 00:00:00-04:00,24.302813195338317,24.80736893951177,24.162658920965594,24.71393394470215,1953600,0.0,0
2023-05-25 00:00:00-04:00,24.760652447972955,24.89146287174704,24.20003354554944,24.601810455322266,2139400,0.0,0
2023-05-26 00:00:00-04:00,24.695246498478003,24.695246498478003,24.48034315665129,24.57377815246582,844100,0.0,0
2023-05-30 00:00:00-04:00,24.555094442656817,24.76065394705532,23.480574072057827,24.04119300842285,6340200,0.0,0
2023-05-31 00:00:00-04:00,23.93841479906462,23.93841479906462,23.349764276098927,23.443201065063477,6347800,0.0,0
2023-06-01 00:00:00-04:00,23.639413468560097,23.95709743807679,23.125513873131595,23.6207275390625,6072700,0.0,0
2023-06-02 00:00:00-04:00,23.602040218463507,24.01316097091304,23.331073741438633,23.873004913330078,2329400,0.0,0
2023-06-05 00:00:00-04:00,23.901036851419327,24.07856655352429,23.200263681285268,23.49925994873047,4737300,0.0,0
2023-06-06 00:00:00-04:00,23.359106157477584,23.723507643243554,23.265669376416,23.517948150634766,1315000,0.0,0
2023-06-07 00:00:00-04:00,23.45254276927181,23.597368085821547,23.275013064751946,23.433855056762695,1626600,0.0,0
2023-06-08 00:00:00-04:00,23.349762863214586,23.5086048601953,23.181577009686958,23.46188735961914,2711800,0.0,0
2023-06-09 00:00:00-04:00,23.40582207287025,23.508602703297843,23.218950305552557,23.45254135131836,1874000,0.0,0
2023-06-12 00:00:00-04:00,23.36845040926695,23.54598011807248,23.12551548725896,23.37779426574707,2619800,0.0,0
2023-06-13 00:00:00-04:00,23.3497632248091,23.564666582240882,23.32173165473426,23.480573654174805,2039800,0.0,0
2023-06-14 00:00:00-04:00,23.480574709747412,23.816946437133364,23.471232634794262,23.67679214477539,2412000,0.0,0
2023-06-15 00:00:00-04:00,23.732853342298768,24.246754786960082,23.527293833729345,24.05988121032715,1442900,0.0,0
2023-06-16 00:00:00-04:00,24.153316120359314,24.536405318723215,24.013161839862974,24.527061462402344,2333000,0.0,0
2023-06-20 00:00:00-04:00,24.24675232095368,24.648527440182647,24.237408464856497,24.349531173706055,1487500,0.0,0
2023-06-21 00:00:00-04:00,24.47099900908844,24.94752496713006,24.078565972004657,24.480342864990234,3605900,0.0,0
2023-06-22 00:00:00-04:00,24.480341299964593,24.854086601351298,24.479405666923427,24.8073673248291,1130700,0.0,0
2023-06-23 00:00:00-04:00,24.807371463443047,24.984901179528332,24.54575059990523,24.741966247558594,2793400,0.0,0
2023-06-26 00:00:00-04:00,24.844745027942473,24.85408888410511,24.312157701780517,24.433624267578125,2507300,0.0,0
2023-06-27 00:00:00-04:00,24.312157433529777,24.35887493166916,23.536635202171073,24.190689086914062,2904600,0.0,0
2023-06-28 00:00:00-04:00,24.20003277081437,24.312157260572885,23.985129429448712,24.106595993041992,1807900,0.0,0
2023-06-29 00:00:00-04:00,24.050537111721138,24.49903155254539,24.02250554086019,24.284128189086914,1353900,0.0,0
2023-06-30 00:00:00-04:00,24.330845918446027,24.91015075527091,24.26543892395178,24.685903549194336,3936300,0.0,0
2023-07-03 00:00:00-04:00,24.58312378848668,24.854090286012145,24.106597790263532,24.330846786499023,7558600,0.0,0
2023-07-05 00:00:00-04:00,24.209378255494983,24.5270622519983,23.938413542100047,24.01316261291504,1990700,0.0,0
2023-07-06 00:00:00-04:00,23.873002819156188,24.111266670419738,23.71416084569987,23.93840980529785,4856900,0.0,0
2023-07-07 00:00:00-04:00,23.938411952107288,23.966441737952152,23.555320984697186,23.564664840698242,1793700,0.0,0
2023-07-10 00:00:00-04:00,23.648760411029798,23.849648882154725,23.452544759507873,23.59269905090332,2121200,0.0,0
2023-07-11 00:00:00-04:00,23.807600396153177,23.87300560777672,23.3637770259327,23.433855056762695,1942600,0.0,0
2023-07-12 00:00:00-04:00,23.611386764998315,23.70482355331478,23.321732543001417,23.59269905090332,2320900,0.0,0
2023-07-13 00:00:00-04:00,23.751538740715404,23.826287807649145,23.24698120229389,23.732851028442383,2477900,0.0,0
2023-07-14 00:00:00-04:00,23.854320331861548,23.92906940179036,23.09748399390411,23.30304527282715,3830200,0.0,0
2023-07-17 00:00:00-04:00,23.265670532201217,23.41516867646313,23.116172387939304,23.25632667541504,1709200,0.0,0
2023-07-18 00:00:00-04:00,23.125514421008972,23.387137043914553,23.12084338406348,23.181575775146484,1713500,0.0,0
2023-07-19 00:00:00-04:00,23.246979672393355,23.396479578580475,22.891922073364256,23.35910415649414,2870800,0.0,0
2023-07-20 00:00:00-04:00,22.378022660056896,23.00030775939793,21.013850040520307,22.90126609802246,36675600,0.0,0
2023-07-21 00:00:00-04:00,23.032078395379056,23.24698174506131,22.219182496265013,22.434085845947266,14585700,0.0,0
2023-07-24 00:00:00-04:00,21.649217524663257,22.807828862042403,21.60250002981532,22.574237823486328,22641600,0.0,0
2023-07-25 00:00:00-04:00,22.742424833625094,23.471229553222656,22.564895136128584,23.471229553222656,15018100,0.0,0
2023-07-26 00:00:00-04:00,23.443197604292624,23.574008020237166,22.69103414829499,23.0694522857666,10716400,0.0,0
2023-07-27 00:00:00-04:00,23.312388253847924,23.35910575248957,22.38736609775,22.648988723754883,11476200,0.0,0
2023-07-28 00:00:00-04:00,22.639642826165698,22.826516368198458,22.471456994767852,22.798484802246094,13214600,0.0,0
2023-07-31 00:00:00-04:00,22.434085905200384,22.49949111769744,21.952888885693447,22.12574577331543,14630700,0.0,0
2023-08-01 00:00:00-04:00,21.96690304980822,22.209837961129864,21.84543470306824,22.097713470458984,14685500,0.0,0
2023-08-02 00:00:00-04:00,22.0042785954442,22.349994171274346,21.836094518126306,22.33130645751953,16233200,0.0,0
2023-08-03 00:00:00-04:00,22.452773068645957,22.831189440880394,22.19115044290003,22.41539764404297,16111000,0.0,0
2023-08-04 00:00:00-04:00,22.4434301663221,22.4434301663221,21.74265696465877,21.985591888427734,20999100,0.0,0
2023-08-07 00:00:00-04:00,22.1164044794168,22.122011150325694,21.789376596882605,21.994937896728516,15379100,0.0,0
2023-08-08 00:00:00-04:00,22.00427809517911,22.00427809517911,21.6865940972037,21.845436096191406,20150600,0.0,0
2023-08-09 00:00:00-04:00,21.770684515395693,21.901496711467416,21.546437327761883,21.81740379333496,40849100,0.0,0
2023-08-10 00:00:00-04:00,22.191151543128235,22.32196197140756,21.593158977098845,21.83609390258789,51365500,0.0,0
2023-08-11 00:00:00-04:00,21.7706890711052,22.237871255310534,21.723971565548105,22.163122177124023,46062600,0.0,0
2023-08-14 00:00:00-04:00,22.050998866720956,22.1444356575183,21.350225608978715,21.43431854248047,89481200,0.0,0
2023-08-15 00:00:00-04:00,21.415628620145824,22.209838586810072,21.154005989315728,21.733312606811523,105996500,0.0,0
2023-08-16 00:00:00-04:00,21.948216015090704,22.00427737107729,21.312848040048138,21.424972534179688,86179200,0.0,0
2023-08-17 00:00:00-04:00,21.602504578542618,21.761346589493613,21.06991540147735,21.284820556640625,71709300,0.0,0
2023-08-18 00:00:00-04:00,21.453000973433586,21.490376396515664,20.89238388446848,21.36890983581543,93530500,0.0,0
2023-08-21 00:00:00-04:00,21.64922092768589,22.13509079197396,21.312849209000536,21.396942138671875,178017500,0.0,0
2023-08-22 00:00:00-04:00,21.714626317392856,22.25655754507924,21.60250359837277,22.181808471679688,90558800,0.0,0
2023-08-23 00:00:00-04:00,22.284588338052338,22.471460123949072,22.069684982299805,22.069684982299805,119406800,0.0,0
2023-08-24 00:00:00-04:00,22.38736805948892,22.518180275033217,21.621189608814642,22.107059478759766,372341300,0.0,0
2023-08-25 00:00:00-04:00,21.862050466945472,21.94686028648015,21.5039641628321,21.645313262939453,86974600,0.2,0
2023-08-28 00:00:00-04:00,21.59819749535411,21.862050466945472,21.30607578215207,21.645313262939453,39395000,0.2,0
2023-08-29 00:00:00-04:00,21.41915452894347,21.79137520708833,21.268381914541994,21.541658401489258,59445800,0.2,0
2023-08-30 00:00:00-04:00,21.522812311531617,21.80551052649311,21.34376915013525,21.739547729492188,36094000,0.2,0
2023-08-31 00:00:00-04:00,21.75839527246092,21.98455420926387,21.683008960193273,21.720701217651367,36119700,0.2,0
2023-09-01 00:00:00-04:00,21.86205361762885,21.984555709416114,21.5510848336364,21.635892868041992,27565400,0.2,0
2023-09-05 00:00:00-04:00,21.598195833176675,21.654735109398143,21.287227117931838,21.306074142456055,28465000,0.2,0
2023-09-06 00:00:00-04:00,21.353193201968267,21.40030897319925,21.013953897580482,21.089340209960938,24727700,0.2,0
2023-09-07 00:00:00-04:00,21.145881837820916,21.277807438552514,19.751232326773497,19.779502868652344,102648300,0.2,0
2023-09-08 00:00:00-04:00,19.656999054825377,20.194126721871097,19.199968553371825,20.071622848510742,59635700,0.2,0
2023-09-11 00:00:00-04:00,20.853759519823733,20.900877092384402,20.354325832141914,20.79722023010254,42830600,0.2,0
2023-09-12 00:00:00-04:00,20.806641515462015,20.84433556947214,19.798348936259664,19.8454647064209,43697200,0.2,0
2023-09-13 00:00:00-04:00,19.873734057708933,20.646444145164256,19.86431054477029,20.35432243347168,35434500,0.2,0
2023-09-14 00:00:00-04:00,20.57105783543916,20.57105783543916,20.255378240130383,20.486248016357422,22195700,0.2,0
2023-09-15 00:00:00-04:00,20.46740167975712,20.60875258122112,19.97739157199012,19.99623680114746,32263700,0.2,0
2023-09-18 00:00:00-04:00,20.11874261595604,20.11874261595604,19.628730663590613,19.86431312561035,18035300,0.2,0
2023-09-19 00:00:00-04:00,19.704115598585776,19.883158760431023,19.496803693584354,19.8454647064209,21142800,0.2,0
2023-09-20 00:00:00-04:00,20.024507695864347,20.165856802482523,19.67584488867821,19.68526840209961,15623200,0.2,0
2023-09-21 00:00:00-04:00,19.713539387895413,20.03393166205831,19.51564919627647,19.638153076171875,20599600,0.2,0
2023-09-22 00:00:00-04:00,19.741811078730628,19.812484739077895,19.31776192724082,19.364877700805664,14865900,0.2,0
2023-09-25 00:00:00-04:00,19.327187386468843,19.647579711537695,19.28949332594228,19.628732681274414,16272000,0.2,0
2023-09-26 00:00:00-04:00,19.40257028043708,19.647576238495585,19.29891342966387,19.44968605041504,23574200,0.2,0
2023-09-27 00:00:00-04:00,19.515650721828052,19.600460553815605,18.884291435134294,19.053909301757812,25270500,0.2,0
2023-09-28 00:00:00-04:00,18.959676046481935,19.110448668146287,18.799479911294636,18.950252532958984,32556800,0.2,0
2023-09-29 00:00:00-04:00,19.101024972045245,19.152853397250354,18.865442528277597,18.921981811523438,27974000,0.2,0
2023-10-02 00:00:00-04:00,19.072753646605015,19.298912567629817,18.97380945566004,19.14813995361328,25296300,0.2,0
2023-10-03 00:00:00-04:00,19.21410504196544,19.402571730666903,18.76178714590379,18.837173461914062,24924500,0.2,0
2023-10-04 00:00:00-04:00,18.771210069533318,18.83717286929818,18.42254724560998,18.592166900634766,19610400,0.2,0
2023-10-05 00:00:00-04:00,18.667553394542633,18.75707587853216,18.450817965407538,18.620437622070312,18014900,0.2,0
2023-10-06 00:00:00-04:00,18.535629803914908,19.09160460667062,18.271776776341305,18.912561416625977,25090300,0.2,0
2023-10-09 00:00:00-04:00,18.724096298217773,18.964389636944315,18.535629595307466,18.724096298217773,16032800,0.2,0
2023-10-10 00:00:00-04:00,18.7712112246814,18.92198386123695,18.497934697579726,18.554475784301758,13937900,0.2,0
2023-10-11 00:00:00-04:00,18.686400781646903,18.733516555024845,18.243506400898994,18.441394805908203,20414700,0.2,0
2023-10-12 00:00:00-04:00,18.46966352485557,18.58274208873912,18.125713380570097,18.205810546875,14461500,0.2,0
2023-10-13 00:00:00-04:00,18.26234949584374,18.366006341973186,18.139847420978217,18.252927780151367,16410700,0.2,0
2023-10-16 00:00:00-04:00,18.252929846644438,18.58274385375719,17.99378770198222,18.41312599182129,15272000,0.2,0
2023-10-17 00:00:00-04:00,18.177542746531444,18.752362703654363,17.91368975487814,18.639284133911133,18750100,0.2,0
2023-10-18 00:00:00-04:00,18.648707619468624,18.921982327061862,18.55447427992385,18.903135299682617,18294200,0.2,0
2023-10-19 00:00:00-04:00,18.893712067813023,19.04354288221544,18.676976641773226,18.695823669433594,18831500,0.2,0
2023-10-20 00:00:00-04:00,18.72409499781873,18.87486763073506,18.58274408177706,18.601591110229492,24056500,0.2,0
2023-10-23 00:00:00-04:00,18.394278943803034,18.66284280493525,18.304756458524604,18.54505157470703,19716500,0.2,0
2023-10-24 00:00:00-04:00,18.545051027060474,18.84942351384545,18.516780485593994,18.827749252319336,21650900,0.2,0
2023-10-25 00:00:00-04:00,18.846596383171946,18.958733142772214,18.582743386761,18.592166900634766,24711200,0.2,0
2023-10-26 00:00:00-04:00,17.76291709446916,18.02676828823848,17.43310130490605,17.612144470214844,60514900,0.2,0
2023-10-27 00:00:00-04:00,17.532047013228233,17.63099121941731,17.042035043503827,17.159826278686523,43215400,0.2,0
2023-10-30 00:00:00-04:00,17.282327133754467,17.786473387983378,16.79231525011194,17.565025329589844,39398800,0.2,0
2023-10-31 00:00:00-04:00,17.72522260371607,17.791185400535817,17.433100876078022,17.527334213256836,81622600,0.2,0
2023-11-01 00:00:00-04:00,17.50848904222631,17.810034315280756,17.343582032697032,17.791187286376953,20218100,0.2,0
2023-11-02 00:00:00-04:00,17.90426676775714,18.135138366912884,17.696954852229652,18.121002197265625,15439000,0.2,0
2023-11-03 00:00:00-04:00,18.366006341973186,18.57331823688074,18.186963188845418,18.252927780151367,16872900,0.2,0
2023-11-06 00:00:00-05:00,18.337736320011988,18.41312442648778,18.130424419257718,18.234081268310547,13242000,0.2,0
2023-11-07 00:00:00-05:00,18.30073523631688,18.672083349383897,18.26836284428752,18.662561416625977,12172600,0.2,0
2023-11-08 00:00:00-05:00,18.624470925953183,18.762536206301046,18.195994912073107,18.243602752685547,13552100,0.2,0
2023-11-09 00:00:00-05:00,18.357865157618164,18.37690720527335,18.129344240650653,18.30073356628418,10423400,0.2,0
2023-11-10 00:00:00-05:00,18.3292987679922,18.391190415203685,18.176951494950657,18.234081268310547,14475400,0.2,0
2023-11-13 00:00:00-05:00,18.234083601655822,18.272171332851524,18.086498183579938,18.18647575378418,14283900,0.2,0
2023-11-14 00:00:00-05:00,18.319778274129757,18.662560573435822,18.205518718443,18.481647491455078,16003900,0.2,0
2023-11-15 00:00:00-05:00,18.653039483868056,18.824430641264684,18.557821972411823,18.662561416625977,16026300,0.2,0
2023-11-16 00:00:00-05:00,18.624469433384014,18.70064306193297,18.53877387425112,18.67207908630371,12665000,0.2,0
2023-11-17 00:00:00-05:00,18.62447192545239,18.862514773534787,18.548298286710935,18.738733291625977,12840900,0.2,0
2023-11-20 00:00:00-05:00,18.767299764455867,18.92916899530237,18.52925688474766,18.805387496948242,18248800,0.2,0
2023-11-21 00:00:00-05:00,18.795864381779374,19.08151690913876,18.77682051673083,18.948211669921875,17662900,0.2,0
2023-11-22 00:00:00-05:00,19.04342853705605,19.338601170866017,19.014862740446233,19.08151626586914,21322700,0.2,0
2023-11-24 00:00:00-05:00,19.15768976695189,19.51475404940451,19.15768976695189,19.281471252441406,12663700,0.2,0
2023-11-27 00:00:00-05:00,19.224341782574108,19.300515424734776,19.052950633681878,19.195775985717773,32839900,0.2,0
2023-11-28 00:00:00-05:00,19.18625405343233,19.281471560163887,19.1196023435571,19.195775985717773,19154500,0.2,0
2023-11-29 00:00:00-05:00,19.2624256327611,19.38620892309292,19.100556433489047,19.119600296020508,13457500,0.2,0
2023-11-30 00:00:00-05:00,19.252904406986943,19.48142531737021,19.081515086291564,19.462383270263672,47302700,0.2,0
2023-12-01 00:00:00-05:00,19.338599965013263,19.795643601657165,19.338599965013263,19.70042610168457,17798700,0.2,0
2023-12-04 00:00:00-05:00,19.633773803710938,19.852772775749436,19.519512443969322,19.633773803710938,22516200,0.2,0
2023-12-05 00:00:00-05:00,19.60520953614017,19.662339312397556,19.1957755380294,19.205297470092773,19199000,0.2,0
2023-12-06 00:00:00-05:00,19.252906783025992,19.281472581395295,18.300735297524987,18.462604522705078,37456400,0.2,0
2023-12-07 00:00:00-05:00,18.653039192411065,20.36504381050322,18.567343615051758,19.814687728881836,60070800,0.2,0
2023-12-08 00:00:00-05:00,19.88133913873061,19.995600512180008,19.61473229422021,19.62425422668457,24534800,0.2,0
2023-12-11 00:00:00-05:00,19.51951187993801,19.728988914601484,19.329076891245652,19.605207443237305,18094900,0.2,0
2023-12-12 00:00:00-05:00,19.671859443333233,19.90990227475413,19.395730703268782,19.75755500793457,17755000,0.2,0
2023-12-13 00:00:00-05:00,19.84325069147684,20.0336856842041,19.53379428232571,20.0336856842041,19393500,0.2,0
2023-12-14 00:00:00-05:00,20.11938035863765,20.2431636544409,19.833729672530225,20.0527286529541,19302400,0.2,0
2023-12-15 00:00:00-05:00,19.87181870681711,20.052729972398247,19.786123132121666,19.9860782623291,38178500,0.2,0
2023-12-18 00:00:00-05:00,20.090818717456,20.119382699716766,19.881339828221137,20.005123138427734,16832900,0.2,0
2023-12-19 00:00:00-05:00,21.185813385607897,21.23818310253399,20.219360007828225,20.443119049072266,50883800,0.2,0
2023-12-20 00:00:00-05:00,20.366944501951053,20.643075063923806,19.895620702890966,19.94799041748047,24956700,0.2,0
2023-12-21 00:00:00-05:00,20.043208900969752,20.224121990444257,19.919427407828017,20.205078125,14647200,0.2,0
2023-12-22 00:00:00-05:00,20.23364328045382,20.395512499342367,20.195555550775143,20.338382720947266,9576800,0.2,0
2023-12-26 00:00:00-05:00,20.233640790633153,20.371706069544565,20.124141305465624,20.271728515625,8128600,0.2,0
2023-12-27 00:00:00-05:00,20.252686003196406,20.5192928314209,20.2431640713137,20.5192928314209,10852400,0.2,0
2023-12-28 00:00:00-05:00,20.49548876599836,20.614510189513013,20.366945410667803,20.443119049072266,8146900,0.2,0
2023-12-29 00:00:00-05:00,20.385990398052915,20.528815750919012,20.309816755449468,20.50025177001953,9357100,0.2,0
2024-01-02 00:00:00-05:00,20.42407625480324,20.8097044905725,20.39551046039996,20.5383358001709,35216200,0.2,0
2024-01-03 00:00:00-05:00,20.395510889651895,20.56690202743328,20.171750035757007,20.252685546875,18892500,0.2,0
2024-01-04 00:00:00-05:00,20.271729154133112,20.36218477965384,19.890859156708956,19.900381088256836,16729000,0.2,0
2024-01-05 00:00:00-05:00,19.9956008590305,20.385991016226498,19.93751761482725,20.328861236572266,24853800,0.2,0
2024-01-08 00:00:00-05:00,20.233642280321355,20.614510477667544,20.233642280321355,20.59546661376953,14321000,0.2,0
2024-01-09 00:00:00-05:00,20.490728509675215,20.814466923789105,20.490728509675215,20.80494499206543,18106300,0.2,0
2024-01-10 00:00:00-05:00,20.75733518856568,20.85255268901507,20.519292345503583,20.728771209716797,17925900,0.2,0
2024-01-11 00:00:00-05:00,20.652597859830774,20.890640706203715,20.433597060914344,20.881118774414062,16607600,0.2,0
2024-01-12 00:00:00-05:00,20.94777065884219,20.985858386324487,20.414555186949688,20.4812068939209,16986400,0.2,0
2024-01-16 00:00:00-05:00,20.405032702030777,20.466924349450622,20.071772360084438,20.214597702026367,12962400,0.2,0
2024-01-17 00:00:00-05:00,20.052728507422806,20.228881518162645,19.92418515477053,19.97655487060547,14488900,0.2,0
2024-01-18 00:00:00-05:00,19.890861177876953,20.005122551939177,19.73851388987594,19.9384708404541,9154600,0.2,0
2024-01-19 00:00:00-05:00,19.947993736950952,19.947993736950952,19.548081632591916,19.719470977783203,15841200,0.2,0
2024-01-22 00:00:00-05:00,19.538556907058094,19.700426112261585,19.310035996674827,19.462383270263672,20041600,0.2,0
2024-01-23 00:00:00-05:00,19.60996809203975,19.976554275847253,19.57664224043204,19.909902572631836,16013200,0.2,0
2024-01-24 00:00:00-05:00,19.871817705951564,19.971795266019804,19.433817922221543,19.452861785888672,12345100,0.2,0
2024-01-25 00:00:00-05:00,19.614729672306566,19.7956427327008,19.46333405376936,19.75755500793457,12613600,0.2,0
2024-01-26 00:00:00-05:00,19.89086002570338,19.986077529219294,19.79564433831029,19.843252182006836,14121400,0.2,0
2024-01-29 00:00:00-05:00,19.84325069147684,20.10033738682184,19.824206828979577,20.0336856842041,10817100,0.2,0
2024-01-30 00:00:00-05:00,19.947992184232817,19.97655616481315,19.722326204135502,19.87181854248047,10593500,0.2,0
2024-01-31 00:00:00-05:00,19.94798954861443,19.957509663468116,19.7385106993806,19.76707649230957,13225600,0.2,0
2024-02-01 00:00:00-05:00,19.78612198674602,19.995599037140433,19.557601072827723,19.890859603881836,11400600,0.2,0
2024-02-02 00:00:00-05:00,19.728991259788387,19.91942627111777,19.64329568630245,19.833730697631836,12677200,0.2,0
2024-02-05 00:00:00-05:00,19.757553980854617,19.757553980854617,19.28432510358296,19.50046730041504,12643400,0.2,0
2024-02-06 00:00:00-05:00,19.46238355911106,19.75755617905485,19.4242958320872,19.614730834960938,13267100,0.2,0
2024-02-07 00:00:00-05:00,19.74803602912452,19.74803602912452,19.433819517317673,19.538558959960938,26170300,0.2,0
2024-02-08 00:00:00-05:00,18.90060133098936,19.086274450420518,18.376906007951984,18.405471801757812,44119600,0.2,0
2024-02-09 00:00:00-05:00,18.28169032751127,18.676840486483766,18.16742896841065,18.405471801757812,24589600,0.2,0
2024-02-12 00:00:00-05:00,18.53877665686733,18.700645868845278,18.38166931895738,18.653038024902344,17750800,0.2,0
2024-02-13 00:00:00-05:00,18.662654836712004,18.840622942162945,18.364437664227026,18.518356323242188,16678500,0.2,0
2024-02-14 00:00:00-05:00,18.48949724216793,18.628986610519345,18.287479675470248,18.364439010620117,15853000,0.2,0
2024-02-15 00:00:00-05:00,18.383679128910003,18.52797765159167,18.277859356010993,18.325958251953125,18646500,0.2,0
2024-02-16 00:00:00-05:00,18.287479502170473,18.374058982750526,18.196090865938313,18.325958251953125,16387200,0.2,0
2024-02-20 00:00:00-05:00,18.26823972828492,18.402918108629137,18.133561347940706,18.33557891845703,15817600,0.2,0
2024-02-21 00:00:00-05:00,18.374060315830416,18.600127344986436,18.181661048392346,18.566457748413086,12660700,0.2,0
2024-02-22 00:00:00-05:00,18.527979147310504,18.585698194071636,18.22976193171334,18.46063995361328,11359000,0.2,0
2024-02-23 00:00:00-05:00,18.42215694274857,18.590506739703496,18.32595732089649,18.451017379760742,13774600,0.2,0
2024-02-26 00:00:00-05:00,18.41253980477919,18.414464568169816,18.1239427269356,18.220142364501953,17420200,0.2,0
2024-02-27 00:00:00-05:00,18.191280884800875,18.24899993010511,18.00850176733952,18.20090103149414,15954200,0.2,0
2024-02-28 00:00:00-05:00,18.210520954926597,18.441398968168357,17.99888139998014,18.412538528442383,16447700,0.2,0
2024-02-29 00:00:00-05:00,18.431777397735125,18.532786176690074,18.181659110664395,18.27785873413086,19298500,0.2,0
2024-03-01 00:00:00-05:00,18.10470199584961,18.220141925116454,17.979643754428004,18.10470199584961,14047900,0.2,0
2024-03-04 00:00:00-05:00,18.046982452464725,18.354819808905468,17.902683920990047,18.2393798828125,18745500,0.2,0
2024-03-05 00:00:00-05:00,18.19128167174455,18.470260433351665,18.114322329724565,18.2874813079834,19216100,0.2,0
2024-03-06 00:00:00-05:00,18.277859783378577,19.008974394896356,18.26823963699416,18.8358154296875,17447900,0.2,0
2024-03-07 00:00:00-05:00,18.941636884086506,19.46111199090511,18.91758743342133,19.047454833984375,22510900,0.2,0
2024-03-08 00:00:00-05:00,18.9416348456911,19.364910269442937,18.922394553287308,19.259092330932617,11932400,0.2,0
2024-03-11 00:00:00-04:00,19.29757197377245,19.566930575322818,19.259093222039745,19.384151458740234,12106400,0.2,0
2024-03-12 00:00:00-04:00,19.42263152418077,19.614067483210313,19.355292334313862,19.374530792236328,12156700,0.2,0
2024-03-13 00:00:00-04:00,19.43225025215197,19.76894617691008,19.43225025215197,19.634267807006836,23717400,0.2,0
2024-03-14 00:00:00-04:00,19.489972888170946,19.595792675397696,19.158086057580928,19.307193756103516,18494000,0.2,0
2024-03-15 00:00:00-04:00,19.04745385587568,19.639080954020027,19.04745385587568,19.566930770874023,68561900,0.2,0
2024-03-18 00:00:00-04:00,19.34567149700993,19.605408100812394,19.210991287230797,19.4322509765625,18907400,0.2,0
2024-03-19 00:00:00-04:00,19.56692935148639,19.62464839290302,19.336051350964617,19.4322509765625,18217300,0.2,0
2024-03-20 00:00:00-04:00,19.39376966940523,19.63907879727777,19.312001183351168,19.634267807006836,13173300,0.2,0
2024-03-21 00:00:00-04:00,19.643889908026804,20.124886231107915,19.643889908026804,19.922866821289062,18323600,0.2,0
2024-03-22 00:00:00-04:00,19.990207997673558,20.076787483265708,19.75932998104628,19.817049026489258,10408800,0.2,0
2024-03-25 00:00:00-04:00,19.92286759155331,20.110457706086112,19.783380046956946,19.865148544311523,11924700,0.2,0
2024-03-26 00:00:00-04:00,19.932484929082577,20.221083794324308,19.855525598655817,20.134504318237305,14484300,0.2,0
2024-03-27 00:00:00-04:00,20.211463595800108,20.644359140247687,20.182603158894867,20.634740829467773,13286700,0.2,0
2024-03-28 00:00:00-04:00,20.759801421910293,20.759801421910293,20.548163698354106,20.64436149597168,14405400,0.2,0
2024-04-01 00:00:00-04:00,20.625122741298377,20.66360149282199,20.307665243093346,20.42310333251953,10457500,0.2,0
2024-04-02 00:00:00-04:00,20.442343653292752,20.490442551476004,20.009446230222057,20.0286865234375,15495100,0.2,0
2024-04-03 00:00:00-04:00,19.961347613066668,19.990208053296147,19.461110991554648,19.566930770874023,15066200,0.2,0
2024-04-04 00:00:00-04:00,19.73046851635104,19.797807705013675,19.384150591965724,19.403390884399414,12183400,0.2,0
2024-04-05 00:00:00-04:00,19.35529415661424,19.538071450645667,19.287953125551862,19.4803524017334,11313100,0.2,0
2024-04-08 00:00:00-04:00,19.480350291336578,19.489970437589005,19.287951035998546,19.297571182250977,9262800,0.2,0
2024-04-09 00:00:00-04:00,19.3264312370017,19.672749155786875,19.230231611244122,19.576549530029297,10106700,0.2,0
2024-04-10 00:00:00-04:00,19.37453020177906,19.518830558359387,19.2494719722454,19.47072982788086,11808100,0.2,0
2024-04-11 00:00:00-04:00,19.201370900042676,19.220611191891667,18.614556677490135,18.710756301879883,25410000,0.2,0
2024-04-12 00:00:00-04:00,18.701138831039266,18.797338469189786,18.38849046576395,18.40291976928711,9414800,0.2,0
2024-04-15 00:00:00-04:00,18.566458603686346,18.61455934018935,18.28748167139087,18.40291976928711,13423300,0.2,0
2024-04-16 00:00:00-04:00,18.35481990324251,18.44139938954338,18.133562031520466,18.38368034362793,20306600,0.2,0
2024-04-17 00:00:00-04:00,18.59531669791103,18.614556990083127,18.32595811206746,18.53759765625,10022900,0.2,0
2024-04-18 00:00:00-04:00,18.633797860180707,18.864675868840745,18.527978084807447,18.8358154296875,11215700,0.2,0
2024-04-19 00:00:00-04:00,18.749235947083072,18.94163520506076,18.648227162329675,18.8358154296875,9506100,0.2,0
2024-04-22 00:00:00-04:00,18.8358154296875,18.96087366297428,18.451018748587433,18.8358154296875,17453800,0.2,0
2024-04-23 00:00:00-04:00,18.855054540297917,18.96568346449961,18.532786078618905,18.63379669189453,19765100,0.2,0
2024-04-24 00:00:00-04:00,18.53759999664003,18.61455934018935,18.37887031846335,18.40291976928711,22713800,0.2,0
2024-04-25 00:00:00-04:00,18.489497490166322,18.561647670586257,18.268239627999638,18.297100067138672,14246300,0.2,0
2024-04-26 00:00:00-04:00,18.27786114421497,18.354820486164815,18.119131469337226,18.1431827545166,15454700,0.2,0
2024-04-29 00:00:00-04:00,18.133561347940706,18.350010055533424,18.061411167124696,18.33557891845703,13240500,0.2,0
2024-04-30 00:00:00-04:00,18.191281484085888,18.33558001952787,18.027742654623523,18.10470199584961,26872700,0.2,0
2024-05-01 00:00:00-04:00,18.172038929061785,18.28747884396535,17.931540788296626,18.133560180664062,12771100,0.2,0
2024-05-02 00:00:00-04:00,18.220140143245043,18.527977478043884,18.220140143245043,18.393299102783203,22724700,0.2,0
2024-05-03 00:00:00-04:00,18.364437042856785,18.614555314007326,18.350007742454572,18.470256805419922,15941000,0.2,0
2024-05-06 00:00:00-04:00,18.585696343021766,18.643415384034345,18.215328979718514,18.35481834411621,26549600,0.2,0
2024-05-07 00:00:00-04:00,18.908963997994192,19.667265707899883,18.908963997994192,19.521438598632812,30039600,0.2,0
2024-05-08 00:00:00-04:00,19.521438781083404,20.104749077895704,19.43394214384694,19.881147384643555,24428800,0.2,0
2024-05-09 00:00:00-04:00,19.939478930413667,20.03669762749301,19.79851191236324,19.968645095825195,14394600,0.2,0
2024-05-10 00:00:00-04:00,20.01725351721866,20.04155772791539,19.76448564652933,19.968645095825195,15019500,0.2,0
2024-05-13 00:00:00-04:00,19.735319250668635,20.206828720707573,19.608936243945955,19.793651580810547,20853100,0.2,0
2024-05-14 00:00:00-04:00,19.929757885056308,20.367241116933084,19.822817127421427,20.056140899658203,21289500,0.2,0
2024-05-15 00:00:00-04:00,19.638102638330874,20.167942590406263,19.560328051525882,19.968645095825195,97658200,0.2,0
2024-05-16 00:00:00-04:00,20.07558214127335,20.36237625133264,19.94433719047074,20.026973724365234,71519400,0.2,0
2024-05-17 00:00:00-04:00,20.143634783796198,20.16307889238941,19.813092354880613,19.900588989257812,31071000,0.2,0
2024-05-20 00:00:00-04:00,19.92975536767692,19.978363785393366,19.327000974814673,19.346445083618164,24636700,0.2,0
2024-05-21 00:00:00-04:00,19.37561291617187,19.540884146656285,19.122845042825563,19.414499282836914,27778900,0.2,0
2024-05-22 00:00:00-04:00,19.327001571655273,19.570047376327608,19.254088942828975,19.327001571655273,15202600,0.2,0
2024-05-23 00:00:00-04:00,19.30755942953378,19.346445794276907,18.84091007256984,18.899242401123047,16089700,0.2,0
2024-05-24 00:00:00-04:00,18.928405631811138,19.006180211155037,18.602725160274883,18.811744689941406,24363700,0.2,0
2024-05-28 00:00:00-04:00,18.675638910965063,18.870076298189815,18.568700016854564,18.714527130126953,16231100,0.2,0
2024-05-29 00:00:00-04:00,18.52981197539676,18.6464747797089,18.325654385715982,18.3450984954834,13001900,0.2,0
2024-05-30 00:00:00-04:00,18.345098616471578,18.58814442729011,18.315932451628097,18.461759567260742,17340100,0.2,0
2024-05-31 00:00:00-04:00,18.481203732866852,18.802024129942712,18.345098671771755,18.76313591003418,31659300,0.2,0
2024-06-03 00:00:00-04:00,18.607588576415203,18.928409005170895,18.58814631883347,18.70480728149414,15902600,0.2,0
2024-06-04 00:00:00-04:00,18.724250325228063,18.724250325228063,18.38884775884625,18.6173095703125,18523500,0.2,0
2024-06-05 00:00:00-04:00,18.539534152550978,18.646474902684695,18.296488341732445,18.461759567260742,20674500,0.2,0
2024-06-06 00:00:00-04:00,18.32565403195956,18.452037034423352,18.00483364415972,18.111772537231445,27907800,0.2,0
2024-06-07 00:00:00-04:00,18.160382504888346,18.238157086854564,17.859006231555796,17.878448486328125,17923400,0.2,0
2024-06-10 00:00:00-04:00,17.771510778682476,17.89789378743538,17.58193348411449,17.781232833862305,16438100,0.2,0
2024-06-11 00:00:00-04:00,17.703454686735085,17.965944588422815,17.586793744402037,17.956222534179688,23197400,0.2,0
2024-06-12 00:00:00-04:00,17.98539094064577,18.082609640913162,17.4020805933339,17.460411071777344,19717800,0.2,0
2024-06-13 00:00:00-04:00,17.499299104942573,17.65484828197644,17.336944674592125,17.528465270996094,14768100,0.2,0
2024-06-14 00:00:00-04:00,17.39235711229395,17.57707244223235,17.256252055651093,17.567350387573242,15356100,0.2,0
2024-06-17 00:00:00-04:00,17.46041055719795,18.29648875884781,17.46041055719795,18.267324447631836,20146700,0.2,0
2024-06-18 00:00:00-04:00,18.25760300884658,18.359681810133562,17.888172317104424,18.00483512878418,21747100,0.2,0
2024-06-20 00:00:00-04:00,18.131215996176973,18.335375428884955,18.033997306996614,18.31593132019043,24977100,0.2,0
2024-06-21 00:00:00-04:00,18.383985716073045,18.461760304468946,17.8881720196895,18.014556884765625,63342100,0.2,0
2024-06-24 00:00:00-04:00,18.296487275321955,18.452036436836245,18.16524232261447,18.3742618560791,19862800,0.2,0
2024-06-25 00:00:00-04:00,18.25760090178604,18.345097536874988,18.0048330508949,18.131216049194336,15265400,0.2,0
2024-06-26 00:00:00-04:00,17.985390776640756,18.092331531388965,17.752067010702135,18.072887420654297,16542100,0.2,0
2024-06-27 00:00:00-04:00,18.043720724178193,18.102053054667582,17.820119020179412,17.907615661621094,18657600,0.2,0
2024-06-28 00:00:00-04:00,17.917337420866716,18.072886591018648,17.538186550407925,17.674291610717773,57323300,0.2,0
2024-07-01 00:00:00-04:00,17.7228994271403,17.883310546433094,17.38749688810853,17.4506893157959,21089800,0.2,0
2024-07-02 00:00:00-04:00,17.509020445534755,17.75206625651504,17.48957633562616,17.732622146606445,14781800,0.2,0
2024-07-03 00:00:00-04:00,17.8687269679524,17.902755086982676,17.69373554399697,17.800674438476562,5859500,0.2,0
2024-07-05 00:00:00-04:00,17.771510128296836,17.81039649330059,17.635403215052804,17.800674438476562,12172600,0.2,0
2024-07-08 00:00:00-04:00,17.781234033279,17.781234033279,17.499299976923695,17.742345809936523,15968400,0.2,0
2024-07-09 00:00:00-04:00,17.752064944237397,17.790951306887624,17.47499288854513,17.713176727294922,12147200,0.2,0
2024-07-10 00:00:00-04:00,17.63540278498256,17.732621476559633,17.18333744529763,17.207643508911133,24692600,0.2,0
2024-07-11 00:00:00-04:00,17.275695038707926,17.44096624855352,17.178476352747193,17.42152214050293,35772200,0.2,0
2024-07-12 00:00:00-04:00,17.60623990301739,17.89789414710345,17.4604109266819,17.82984161376953,12523500,0.2,0
2024-07-15 00:00:00-04:00,17.829841022180762,17.87844944315147,17.586795208742412,17.606239318847656,14171600,0.2,0
2024-07-16 00:00:00-04:00,17.54790840180924,17.849286569835783,17.50416007769523,17.742345809936523,15408300,0.2,0
2024-07-17 00:00:00-04:00,17.761787951297055,18.24787956340069,17.761787951297055,17.927059173583984,17834900,0.2,0
2024-07-18 00:00:00-04:00,17.93678105075739,18.228435273415098,17.800674139797106,17.810396194458008,14131000,0.2,0
2024-07-19 00:00:00-04:00,17.946503419606877,17.97566958711373,17.649989060936967,17.742345809936523,15412400,0.2,0
2024-07-22 00:00:00-04:00,17.703456280388398,17.761788611098204,17.49929868578131,17.722900390625,15788700,0.2,0
2024-07-23 00:00:00-04:00,17.58679497401407,17.7229000343494,17.411801693987282,17.431245803833008,12491000,0.2,0
2024-07-24 00:00:00-04:00,17.421522159368763,17.742342525382064,17.353469635410214,17.664567947387695,9390800,0.2,0
2024-07-25 00:00:00-04:00,17.820120402328925,18.189549252619706,17.732623754100903,17.742345809936523,11082200,0.2,0
2024-07-26 00:00:00-04:00,17.859006645394935,18.26246171922743,17.80067431684934,18.17010498046875,11484600,0.2,0
2024-07-29 00:00:00-04:00,18.131217180117954,18.37426299179324,18.004834173935453,18.27704429626465,12564800,0.2,0
2024-07-30 00:00:00-04:00,18.00483193510173,18.286764077355812,17.79581241470839,18.22843360900879,12381300,0.2,0
2024-07-31 00:00:00-04:00,18.150661234043927,18.238157874320287,17.849284947698905,17.97566795349121,42056200,0.2,0
2024-08-01 00:00:00-04:00,18.150660756015586,18.179826920103693,17.878448787403592,18.111772537231445,12817600,0.2,0
2024-08-02 00:00:00-04:00,18.131216587518363,18.315931917556224,17.907614893115458,18.29648780822754,17688600,0.2,0
2024-08-05 00:00:00-04:00,18.189547234001008,18.345098255815802,17.601376828413475,17.68401336669922,21724900,0.2,0
2024-08-06 00:00:00-04:00,19.589490280207585,20.338071757561334,19.357138193718512,20.279741287231445,44403600,0.2,0
2024-08-07 00:00:00-04:00,20.114471673514963,20.464456377581786,19.88114791937296,20.046419143676758,24344700,0.2,0
2024-08-08 00:00:00-04:00,19.99780869379174,20.77069443385699,19.842259525728878,20.658893585205078,21849700,0.2,0
2024-08-09 00:00:00-04:00,20.610284562809433,20.644310826434836,20.333212499406997,20.435291290283203,20636700,0.2,0
2024-08-12 00:00:00-04:00,20.493621527758773,20.566536008571735,20.26029778516648,20.50334358215332,17481100,0.2,0
2024-08-13 00:00:00-04:00,20.551953899111695,20.892218417196762,20.53251164281815,20.74639129638672,16625400,0.2,0
2024-08-14 00:00:00-04:00,20.770928968532807,21.075228445555716,20.731665425825675,20.79056167602539,16462400,0.205,0
2024-08-15 00:00:00-04:00,20.80037923950017,21.222473113749093,20.790562885182972,21.173391342163086,10727900,0.205,0
2024-08-16 00:00:00-04:00,21.045782506808393,21.31081658459034,20.967253544451122,21.27155303955078,11269800,0.205,0
2024-08-19 00:00:00-04:00,21.330450806964915,21.51695780790321,21.232289128982742,21.24210548400879,10019600,0.205,0
2024-08-20 00:00:00-04:00,21.242104320803936,21.31081692994531,21.001610188809124,21.153759002685547,11291400,0.205,0
2024-08-21 00:00:00-04:00,21.251919962391458,21.448243301019538,21.17339100139585,21.29118537902832,8446800,0.205,0
2024-08-22 00:00:00-04:00,21.291184947958026,21.36480479424443,20.83964202716682,21.16357421875,12239500,0.205,0
2024-08-23 00:00:00-04:00,21.21265680766253,21.502232707704856,21.20284045332301,21.418794631958008,6785500,0.205,0
2024-08-26 00:00:00-04:00,21.458059305515757,21.64947352780604,21.40407029465889,21.55621910095215,9431500,0.205,0
2024-08-27 00:00:00-04:00,21.595485291879594,21.68383060876499,21.34026569557491,21.516956329345703,10096300,0.205,0
2024-08-28 00:00:00-04:00,21.54640533954479,21.553276600346173,21.193024072870084,21.320632934570312,7896100,0.205,0
2024-08-29 00:00:00-04:00,21.408978652250525,21.526773034107883,21.134128215046996,21.350082397460938,12053500,0.205,0
2024-08-30 00:00:00-04:00,21.42861141011051,21.551313033364067,21.320633382518356,21.546405792236328,14008500,0.205,0
2024-09-03 00:00:00-04:00,21.350082464777703,21.83107260367862,21.25192079163343,21.693647384643555,13879900,0.205,0
2024-09-04 00:00:00-04:00,21.63475007557215,22.2138999871216,21.59548465931627,22.096107482910156,22620800,0.205,0
2024-09-05 00:00:00-04:00,22.14518738095191,22.26298175744145,21.968496752356643,22.096107482910156,15490300,0.205,0
2024-09-06 00:00:00-04:00,22.096107565679265,22.577097682946935,22.086291211578523,22.439672470092773,18883300,0.205,0
2024-09-09 00:00:00-04:00,22.44948814741576,22.802867522998685,22.213899400656413,22.773420333862305,21843100,0.205,0
2024-09-10 00:00:00-04:00,22.73415676982229,23.03453010605147,22.46912081234542,22.626178741455078,15021200,0.205,0
2024-09-11 00:00:00-04:00,22.724339673835235,22.80286863582805,22.258073142881198,22.665443420410156,12941500,0.205,0
2024-09-12 00:00:00-04:00,22.675259004898304,22.76360431817578,22.351326813640245,22.65562629699707,9269900,0.205,0
2024-09-13 00:00:00-04:00,22.734156073083494,22.979559313831178,22.616363566000363,22.95992660522461,11090800,0.205,0
2024-09-16 00:00:00-04:00,23.06790385722524,23.116983754818744,22.743971665185114,22.950109481811523,9220800,0.205,0
2024-09-17 00:00:00-04:00,23.038455567372743,23.087537338889167,22.724339718780207,22.95992660522461,13263700,0.205,0
2024-09-18 00:00:00-04:00,23.009008358349384,23.08753732043475,22.650719851817524,22.76360511779785,15225500,0.205,0
2024-09-19 00:00:00-04:00,22.91084738989455,23.018825418175773,22.464213553292485,22.47893714904785,13622500,0.205,0
2024-09-20 00:00:00-04:00,22.41022419599546,22.606547540359085,22.29242981492165,22.596731185913086,75871900,0.205,0
2024-09-23 00:00:00-04:00,22.41022419599546,22.724340049154723,22.341511587151643,22.596731185913086,20080800,0.205,0
2024-09-24 00:00:00-04:00,22.60654679917256,22.768511961525853,22.37586715795017,22.685075759887695,14365300,0.205,0
2024-09-25 00:00:00-04:00,22.7832366763399,22.903976152950907,22.518202591074047,22.577098846435547,12625600,0.205,0
2024-09-26 00:00:00-04:00,22.72433889991571,22.861765982931413,22.6065463970772,22.7047061920166,12504500,0.205,0
2024-09-27 00:00:00-04:00,22.714522974953663,23.004098868961226,22.60654682402546,22.832317352294922,12450000,0.205,0
2024-09-30 00:00:00-04:00,22.930478588300225,23.058087445088294,22.65071905371116,22.7047061920166,17088300,0.205,0
2024-10-01 00:00:00-04:00,22.743973493920624,22.753789848684228,22.26298334417345,22.36114501953125,13640500,0.205,0
2024-10-02 00:00:00-04:00,22.282616002964154,22.312063194909683,21.988130977561276,22.21390151977539,16504900,0.205,0
2024-10-03 00:00:00-04:00,22.066659141773204,22.135371750188163,21.84088860775886,21.86052131652832,10312400,0.205,0
2024-10-04 00:00:00-04:00,21.889967707535888,21.940030551385252,21.71327895190148,21.75254249572754,8451600,0.205,0
2024-10-07 00:00:00-04:00,21.801622739002894,21.82616456059587,21.477690540123653,21.585668563842773,9859300,0.205,0
2024-10-08 00:00:00-04:00,21.66419635095679,21.66910546392059,21.359896876931764,21.4482421875,11377100,0.205,0
2024-10-09 00:00:00-04:00,21.418795367060014,21.482600736317647,21.104679506527376,21.13412857055664,10437800,0.205,0
2024-10-10 00:00:00-04:00,21.14394410228777,21.202840355775777,20.859275444585794,20.927988052368164,11911600,0.205,0
2024-10-11 00:00:00-04:00,20.996701817142263,21.114496202887306,20.918172850738316,21.065414428710938,14513000,0.205,0
2024-10-14 00:00:00-04:00,20.967252027675666,21.286275095052197,20.89853942461851,21.202838897705078,18677100,0.205,0
2024-10-15 00:00:00-04:00,21.19302334028386,21.580760897562428,21.143943442621445,21.35989761352539,11925300,0.205,0
2024-10-16 00:00:00-04:00,21.261737447492088,21.448244441881517,21.222473901044857,21.3304500579834,13919600,0.205,0
2024-10-17 00:00:00-04:00,21.43842767649447,21.43842767649447,20.977070248978226,21.055599212646484,12260700,0.205,0
2024-10-18 00:00:00-04:00,21.114495110528832,21.340265643225163,20.991793489853244,21.320632934570312,13309700,0.205,0
2024-10-21 00:00:00-04:00,22.528018551830392,22.959926913301416,22.380775107583553,22.49856948852539,38291800,0.205,0
2024-10-22 00:00:00-04:00,22.135370744037818,22.626177207296113,22.115739908438822,22.508384704589844,18080900,0.205,0
2024-10-23 00:00:00-04:00,22.400408937332617,22.532926920418852,22.096109423733626,22.34151268005371,10664000,0.205,0
2024-10-24 00:00:00-04:00,22.478934873256847,22.665441847148198,22.356233261642693,22.54764747619629,11664200,0.205,0
2024-10-25 00:00:00-04:00,22.537832582352642,22.59673070778239,22.21390038160155,22.223716735839844,8395700,0.205,0
2024-10-28 00:00:00-04:00,22.42985571272699,22.469119256145934,22.159912532783277,22.45930290222168,10540300,0.205,0
2024-10-29 00:00:00-04:00,22.30224689094963,22.48777281310874,22.213901570355432,22.36114501953125,13109200,0.205,0
2024-10-30 00:00:00-04:00,22.233533140218878,22.567281695960922,22.14518782415315,22.469120025634766,15919800,0.205,0
2024-10-31 00:00:00-04:00,22.262981472960696,22.739064341450224,22.19524994137946,22.508384704589844,34406400,0.205,0
2024-11-01 00:00:00-04:00,22.439672038390963,22.67034980234715,22.302244955902562,22.312061309814453,15528900,0.205,0
2024-11-04 00:00:00-05:00,22.390591121376758,22.797961398979957,22.32187851365529,22.616363525390625,17341800,0.205,0
2024-11-05 00:00:00-05:00,22.5182029971405,23.13661837028353,22.498570287573234,22.80286979675293,17781300,0.205,0
2024-11-06 00:00:00-05:00,23.11698316069572,23.11698316069572,21.89487614261258,22.08629035949707,16727100,0.205,0
2024-11-07 00:00:00-05:00,21.762357910776927,22.955017725448712,21.63474905850053,22.54764747619629,28744400,0.205,0
2024-11-08 00:00:00-05:00,22.449490463870923,23.283860028315853,22.420041399417787,23.244596481323242,16635100,0.205,0
2024-11-11 00:00:00-05:00,23.323123563313004,23.440916067052626,23.05808762148172,23.342756271362305,13838400,0.205,0
2024-11-12 00:00:00-05:00,23.323125047296006,23.50963204107508,23.197478328975276,23.215147018432617,10714200,0.205,0
2024-11-13 00:00:00-05:00,23.22009765767478,23.36862668443675,22.81411743648917,22.913135528564453,16481200,0.205,0
2024-11-14 00:00:00-05:00,22.992350863576487,23.517155433156358,22.90323307084313,23.378528594970703,14017300,0.205,0
2024-11-15 00:00:00-05:00,23.289411590206118,23.893429897486282,23.210195981612863,23.586469650268555,16166900,0.205,0
2024-11-18 00:00:00-05:00,23.571617292414963,23.769655369393387,23.43794059891376,23.487449645996094,14591600,0.205,0
2024-11-19 00:00:00-05:00,23.3587246171571,23.56666487795925,23.01215562717113,23.457744598388672,9838300,0.205,0
2024-11-20 00:00:00-05:00,23.428039194830276,23.546863555908203,23.331000401661974,23.546863555908203,7418800,0.205,0
2024-11-21 00:00:00-05:00,23.556764652169356,24.002351736110146,23.45774467063283,23.853822708129883,8331200,0.205,0
2024-11-22 00:00:00-05:00,24.012255071444383,24.071666307747844,23.765695702243754,23.843921661376953,10505900,0.205,0
2024-11-25 00:00:00-05:00,24.007303798703173,24.16078297602647,23.749852601902308,24.002351760864258,26971900,0.205,0
2024-11-26 00:00:00-05:00,24.037008842782214,24.220194584024103,23.705294071110437,23.883529663085938,12315700,0.205,0
2024-11-27 00:00:00-05:00,23.972646321125374,24.16573614424481,23.81421509855236,23.893430709838867,11666900,0.205,0
2024-11-29 00:00:00-05:00,23.764706050089288,24.00235288395228,23.645881688833214,23.843921661376953,7516500,0.205,0
2024-12-02 00:00:00-05:00,23.87362673589282,24.032057948593682,23.64093006595448,24.02215576171875,10173800,0.205,0
2024-12-03 00:00:00-05:00,23.893430618412026,23.992450604303553,23.20029449446963,23.24980354309082,13665700,0.205,0
2024-12-04 00:00:00-05:00,23.220097279983776,23.29436084783229,21.95759585141986,22.932939529418945,27219800,0.205,0
2024-12-05 00:00:00-05:00,23.160685689051775,23.2299991124147,22.774509822515967,22.903234481811523,13914400,0.205,0
2024-12-06 00:00:00-05:00,23.01215545643426,23.121077623845757,22.596273049266514,22.616077423095703,9708800,0.205,0
2024-12-09 00:00:00-05:00,22.774508238935184,23.03195942827407,22.517057049596296,22.58637046813965,15267200,0.205,0
2024-12-10 00:00:00-05:00,22.546763979535655,22.749754089447897,22.17048843177455,22.517057418823242,10492300,0.205,0
2024-12-11 00:00:00-05:00,22.52695988447407,22.551714407716208,21.97245063152414,22.002155303955078,9433200,0.205,0
2024-12-12 00:00:00-05:00,21.764508503572,22.413087589615568,21.55062655179412,22.10117530822754,14949900,0.205,0
2024-12-13 00:00:00-05:00,22.06156956998274,22.091274243953833,21.724902748216504,21.99225425720215,9184000,0.205,0
2024-12-16 00:00:00-05:00,22.111077447676678,22.254656326427924,21.833821877189692,21.853626251220703,7786300,0.205,0
2024-12-17 00:00:00-05:00,21.883332436035822,21.957596004401744,21.64568561769663,21.82392120361328,10278500,0.205,0
2024-12-18 00:00:00-05:00,21.784313897619448,21.95264730782884,21.259509291990376,21.299118041992188,15271800,0.205,0
2024-12-19 00:00:00-05:00,21.309020247335106,21.546667081597498,21.210000260896823,21.39813804626465,13048400,0.205,0
2024-12-20 00:00:00-05:00,21.309019136881073,21.754606219659223,21.259508201917463,21.556568145751953,22915000,0.205,0
2024-12-23 00:00:00-05:00,21.497154602346576,21.61201845829101,21.318920905918997,21.378332138061523,13256800,0.205,0
2024-12-24 00:00:00-05:00,21.269411479101084,21.42784270180712,21.160491193896405,21.3486270904541,9164900,0.205,0
2024-12-26 00:00:00-05:00,21.289214742259848,21.556568124857023,21.22980350901016,21.507057189941406,5970300,0.205,0
2024-12-27 00:00:00-05:00,21.37833327815758,21.591225584058176,21.31892204284668,21.31892204284668,9833600,0.205,0
2024-12-30 00:00:00-05:00,21.21990199808513,21.24960667133183,20.972352981567383,20.972352981567383,7123700,0.205,0
2024-12-31 00:00:00-05:00,21.041666052473616,21.21990164357254,21.0119594910741,21.14068603515625,6934200,0.205,0
2025-01-02 00:00:00-05:00,21.309019815283825,21.368431050482542,20.942646439485323,21.071372985839844,8253900,0.205,0
2025-01-03 00:00:00-05:00,21.110979450591383,21.1406860119583,20.888184961962207,20.992156982421875,6079200,0.205,0
2025-01-06 00:00:00-05:00,21.38823578664874,21.38823578664874,20.853528994874175,20.903039932250977,10740100,0.205,0
2025-01-07 00:00:00-05:00,20.942646004713808,21.110979408156478,20.734705741510602,20.843626022338867,8828800,0.205,0
2025-01-08 00:00:00-05:00,20.78421480856625,20.903039165261436,20.526763609600916,20.893136978149414,7579300,0.205,0
2025-01-10 00:00:00-05:00,20.69509696794533,20.76044989182248,20.47725451790452,20.645587921142578,11057100,0.205,0
2025-01-13 00:00:00-05:00,20.625783179424175,20.883234373238835,20.497058526841364,20.7644100189209,12682000,0.205,0
2025-01-14 00:00:00-05:00,20.77431299238886,20.917891875103226,20.724803944593823,20.823823928833008,7275900,0.205,0
2025-01-15 00:00:00-05:00,20.98225472761869,21.04958695572447,20.556470125978365,20.645587921142578,10050000,0.205,0
2025-01-16 00:00:00-05:00,20.536665067349883,21.007008550896668,20.516860693829198,20.982254028320312,8810500,0.205,0
2025-01-17 00:00:00-05:00,20.992156960620555,21.135733952122177,20.82382355701434,20.893136978149414,11267000,0.205,0
2025-01-21 00:00:00-05:00,20.99215689395882,21.011959379470902,20.407941076748283,20.59607696533203,19203400,0.205,0
2025-01-22 00:00:00-05:00,20.596076963619815,20.645587899018583,20.398038887971953,20.546567916870117,19218300,0.205,0
2025-01-23 00:00:00-05:00,20.516861355630855,20.61588133777932,20.284166569528395,20.546567916870117,12575000,0.205,0
2025-01-24 00:00:00-05:00,20.586177059095398,20.65549048133088,20.51191159890075,20.576274871826172,12092500,0.205,0
2025-01-27 00:00:00-05:00,20.91294066278703,21.32882306453319,20.86838176657676,21.22980308532715,15342800,0.205,0
2025-01-28 00:00:00-05:00,21.190195850577652,21.437744871936385,21.110980239288825,21.150588989257812,13831600,0.205,0
2025-01-29 00:00:00-05:00,21.22980458208539,21.299118005821697,21.00205804726005,21.101078033447266,12249200,0.205,0
2025-01-30 00:00:00-05:00,21.289214742259848,21.556568124857023,21.170390387111418,21.507057189941406,11733100,0.205,0
2025-01-31 00:00:00-05:00,21.20009649656158,21.417938939603744,21.066419808109913,21.081274032592773,16433400,0.205,0
2025-02-03 00:00:00-05:00,20.972352982183935,21.066420928549764,20.84362643594742,21.021862030029297,9693600,0.205,0
2025-02-04 00:00:00-05:00,20.704999905276132,20.912942064410384,20.536666495938558,20.605979919433594,11813700,0.205,0
2025-02-05 00:00:00-05:00,20.794116151279418,20.843625196180007,20.388135939417786,20.536664962768555,19231100,0.205,0
2025-02-06 00:00:00-05:00,20.333675427388634,20.893136715978645,19.556371691014903,19.605880737304688,25808800,0.205,0
2025-02-07 00:00:00-05:00,19.704901177373653,20.03166580098267,19.645489942712675,19.98215675354004,17734300,0.205,0
2025-02-10 00:00:00-05:00,20.071274613141075,20.536666081976122,20.001961191043204,20.37823486328125,14043000,0.205,0
2025-02-11 00:00:00-05:00,20.388137479647195,20.754508972346823,20.328726243548445,20.704999923706055,10921800,0.205,0
2025-02-12 00:00:00-05:00,20.530000686645508,21.024999618530273,20.500999450683594,20.959999084472656,10317000,0.205,0
2025-02-13 00:00:00-05:00,20.899999618530273,21.584999084472656,20.8799991607666,21.450000762939453,14062000,0.205,0
2025-02-14 00:00:00-05:00,21.469999313354492,22.139999389648438,21.354999542236328,21.93000030517578,27015700,0.205,0
2025-02-18 00:00:00-05:00,21.790000915527344,22.200000762939453,21.725000381469727,22.0,14108300,0.205,0
2025-02-19 00:00:00-05:00,22.1299991607666,22.315000534057617,21.790000915527344,22.270000457763672,14198000,0.205,0
2025-02-20 00:00:00-05:00,22.270000457763672,22.579999923706055,21.885000228881836,22.389999389648438,19044800,0.205,0
2025-02-21 00:00:00-05:00,22.360000610351562,23.440000534057617,22.34000015258789,23.31999969482422,25663000,0.205,0
2025-02-24 00:00:00-05:00,23.299999237060547,23.53499984741211,22.950000762939453,23.299999237060547,18229000,0.205,0
2025-02-25 00:00:00-05:00,23.299999237060547,23.700000762939453,23.225000381469727,23.3700008392334,22641600,0.205,0
2025-02-26 00:00:00-05:00,23.399999618530273,23.440000534057617,22.895000457763672,23.219999313354492,14615800,0.205,0
2025-02-27 00:00:00-05:00,23.059999465942383,23.2450008392334,22.829999923706055,23.139999389648438,15159100,0.205,0
2025-02-28 00:00:00-05:00,23.25,23.6299991607666,23.145000457763672,23.600000381469727,30981700,0.205,0
2025-03-03 00:00:00-05:00,23.5,23.889999389648438,23.469999313354492,23.790000915527344,12834400,0.205,0
2025-03-04 00:00:00-05:00,23.920000076293945,24.360000610351562,23.40999984741211,23.420000076293945,15368100,0.205,0
2025-03-05 00:00:00-05:00,23.43000030517578,23.479999542236328,22.825000762939453,23.040000915527344,17384400,0.205,0
2025-03-06 00:00:00-05:00,23.09000015258789,23.239999771118164,22.940000534057617,23.18000030517578,9739200,0.205,0
2025-03-07 00:00:00-05:00,23.030000686645508,23.610000610351562,23.020000457763672,23.420000076293945,14446300,0.205,0
2025-03-10 00:00:00-04:00,23.530000686645508,24.354999542236328,23.440000534057617,23.920000076293945,18035100,0.205,0
2025-03-11 00:00:00-04:00,24.049999237060547,24.149999618530273,23.3799991607666,23.489999771118164,16475100,0.205,0
2025-03-12 00:00:00-04:00,23.079999923706055,23.299999237060547,22.774999618530273,23.06999969482422,13897400,0.205,0
2025-03-13 00:00:00-04:00,23.100000381469727,23.350000381469727,22.940000534057617,23.18000030517578,16433800,0.205,0
2025-03-14 00:00:00-04:00,23.219999313354492,23.25,22.71500015258789,22.809999465942383,15798900,0.205,0
2025-03-17 00:00:00-04:00,22.969999313354492,23.655000686645508,22.788000106811523,23.40999984741211,16372400,0.205,0
2025-03-18 00:00:00-04:00,23.399999618530273,23.68000030517578,23.290000915527344,23.34000015258789,16840600,0.205,0
2025-03-19 00:00:00-04:00,23.190000534057617,23.530000686645508,23.149999618530273,23.530000686645508,9646900,0.205,0
2025-03-20 00:00:00-04:00,23.440000534057617,23.670000076293945,23.225000381469727,23.389999389648438,16508300,0.205,0
2025-03-21 00:00:00-04:00,23.299999237060547,23.3799991607666,22.959999084472656,23.309999465942383,35334700,0.205,0
2025-03-24 00:00:00-04:00,23.149999618530273,23.59000015258789,23.09000015258789,23.3700008392334,13187600,0.205,0
2025-03-25 00:00:00-04:00,23.469999313354492,23.489999771118164,22.969999313354492,23.100000381469727,14987800,0.205,0
2025-03-26 00:00:00-04:00,23.100000381469727,23.420000076293945,22.799999237060547,23.399999618530273,9473400,0.205,0
2025-03-27 00:00:00-04:00,23.459999084472656,23.698999404907227,23.40999984741211,23.5,13790600,0.205,0
2025-03-28 00:00:00-04:00,23.600000381469727,23.770000457763672,23.430999755859375,23.700000762939453,14401300,0.205,0
2025-03-31 00:00:00-04:00,23.84000015258789,24.03499984741211,23.700000762939453,23.774999618530273,2463122,0.205,0
